timestamp_ns,symbol,price,quantity,side,source
1700000000000000000,BTC/USDT,50000.0000000000,0.1000000000,B,BINANCE
1700000000100000000,BTC/USDT,50005.0000000000,0.0500000000,S,BINANCE
1700000000200000000,BTC/USDT,49995.0000000000,0.2000000000,B,BINANCE
1700000000000000000,BTC/USDT,50000.0000000000,0.1000000000,B,BINANCE
1700000000100000000,BTC/USDT,50005.0000000000,0.0500000000,S,BINANCE
1700000000200000000,BTC/USDT,49995.0000000000,0.2000000000,B,BINANCE
1700000000000000000,BTC/USDT,50000.0000000000,0.1000000000,B,BINANCE
1700000000100000000,BTC/USDT,50005.0000000000,0.0500000000,S,BINANCE
1700000000200000000,BTC/USDT,49995.0000000000,0.2000000000,B,BINANCE
